	42
               Agaricus_bisporus_virus_1_sp|Q90193 100.00000 
            Beet_western_yellows_virus_sp|P09507.2 14.52282 100.00000 
                  Cocksfoot_mottle_virus_sp|Q66150 13.70968 39.04762 100.00000 
      Cucurbit_aphid-borne_yellows_virus_sp|Q65969 12.91667 73.60406 39.80892 100.00000 
            Eimeria_brunetti_RNA_virus_1_sp|Q98XW8 20.33898 15.16129 16.71924 15.21036 100.00000 
       Grapevine_associated_chrysovirus-1_ADO60926 25.08143 12.60163 11.71875 11.83673 21.26246 100.00000 
      Gremmeniella_abietina_RNA_virus_L1_sp|Q99AT3 19.66102 14.74359 15.09434 15.11254 37.14903 21.49837 100.00000 
 Helminthosporium_victoriae_virus_190S_sp|O57044.2 22.82609 13.28904 12.46006 11.33333 36.66667 20.76125 39.18919 100.00000 
                Leishmania_RNA_virus_1_sp|Q02382.1 19.85816 17.20779 16.13924 15.30945 33.77483 21.81208 34.44444 33.71298 100.00000 
                  Leishmania_RNA_virus_2_sp|Q83073 24.28571 14.00651 15.92357 13.72549 31.78808 24.66216 34.65784 33.33333 49.56332 100.00000 
          Lucerne_transient_streak_virus_sp|Q83093 12.44635 37.41935 55.52408 37.21683 15.08197 11.62791 13.31169 13.62126 13.68078 14.65798 100.00000 
            Pea_enation_mosaic_virus-1_sp|P29154.2 11.06383 49.06166 36.05016 47.04301 15.96091 12.03320 15.25974 12.29236 13.86139 12.87129 35.23810 100.00000 
         Penicillium_chrysogenum_virus_sp|Q8JVC2.1 27.66571 14.33692 14.04110 11.87050 22.58065 68.01909 22.60870 23.03030 22.22222 22.35650 13.09091 12.00000 100.00000 
                 Potato_leafroll_virus_sp|P11623.2 14.10788 69.87342 37.65823 68.52792 14.83871 11.78862 15.70513 12.95681 16.55844 14.65798 38.26367 47.32620 13.97849 100.00000 
Red_clover_powdery_mildew-associated_totivirus_4_BAT62484 19.75309 11.35135 12.75510 11.41304 28.90625 22.25610 27.90698 30.40000 26.20968 31.22530 11.16751 13.29787 22.50000 14.05405 100.00000 
                Rice_yellow_mottle_virus_sp|Q86519 12.80992 37.18750 59.62567 36.99060 16.56051 11.37255 15.45741 16.02564 15.33546 15.38462 54.29363 34.05573 13.28671 36.13707 10.76923 100.00000 
                        Rotavirus_A_dbj|BAA24146.2 14.16431 12.66234 12.54019 11.72638 15.90296 14.13882 12.93801 14.12742 12.46537 13.04348 12.50000 12.05212 11.21718 14.56311 17.53247 12.66234 100.00000 
                           Rotavirus_B_sp|P35942.1 12.78409 11.47541 10.50847 11.84211 12.53482 13.45646 12.04482 16.61808 11.96581 13.72549 11.14865 10.06711 11.27820 11.11111 12.85266 12.33333 30.94406 100.00000 
                           Rotavirus_C_sp|Q85036.1 14.81481 12.21865 11.65049 12.25806 15.94595 14.39589 12.16216 15.83333 14.16667 12.53406 13.42282 10.64516 11.72249 13.14103 16.23377 12.86174 78.90625 30.79585 100.00000 
                           Rotavirus_C_sp|Q91E95.1 14.53488 10.16393 12.25166 11.18421 12.84153 12.04188 13.18681 11.51685 11.86441 11.91136 12.02749 10.89109 11.67883 11.11111 14.52145 12.17105 53.79747 30.06993 53.04212 100.00000 
      Saccharomyces_cerevisiae_virus_L-A_sp|Q87025 16.77215 10.21898 12.15278 9.52381 24.43182 20.21563 23.07692 24.34018 25.21490 26.78063 10.39427 10.40892 19.45137 11.67883 45.17241 11.57895 16.66667 13.74663 15.18987 15.64103 100.00000 
Saccharomyces_cerevisiae_virus_L-BC__La__sp|P23172.2 19.77612 13.40580 15.00000 12.72727 23.94015 20.06803 24.49495 28.97436 25.77320 24.28941 10.03584 10.90909 22.60062 12.63538 36.15385 13.28671 14.32836 11.47059 16.27219 15.61562 29.49853 100.00000 
            Southern_bean_mosaic_virus_sp|O72157.2 13.49206 38.83792 58.91473 40.18405 16.97531 10.58824 16.92308 15.00000 14.86068 13.70717 57.88043 37.16012 12.79461 39.32927 11.79487 56.25000 12.34177 11.69231 11.28527 11.53846 12.32877 14.88673 100.00000 
          Southern_cowpea_mosaic_virus_sp|P21405.2 14.51613 38.73016 60.20672 38.85350 16.77215 12.94118 16.40379 15.70513 16.82540 15.97444 54.39093 38.87147 14.43299 38.92405 12.82051 56.56836 10.96774 10.16949 11.36364 11.62791 12.19512 14.69534 72.35142 100.00000 
         Sphaeropsis_sapinea_RNA_virus_1_sp|Q9YXE6 19.37716 11.93548 16.19048 13.26861 37.22944 19.60133 39.91323 47.43875 35.33333 31.12583 12.13115 13.72549 20.00000 13.22581 29.01961 15.97444 13.62398 12.71186 13.93443 11.60221 25.56818 25.31646 16.77019 16.87898 100.00000 
         Sphaeropsis_sapinea_RNA_virus_2_sp|Q9YXE4 17.96610 14.10256 15.67398 14.46945 37.74403 21.42857 52.87846 40.71588 34.81153 34.65784 14.00651 14.23948 21.55172 14.10256 25.38462 17.08861 12.43243 11.97772 13.00813 12.12121 24.50142 25.37688 15.33742 16.35220 40.47619 100.00000 
           Trichomonas_vaginalis_virus_3_sp|Q8V615 20.53232 12.87129 15.25974 12.25166 30.76923 22.38267 32.92683 33.08458 30.86420 30.29557 12.12121 14.38127 22.61146 13.53135 25.66372 15.73770 11.64179 13.00310 11.97605 11.17825 25.69659 22.28412 13.96825 17.58958 30.02421 30.50847 100.00000 
             Trichomonas_vaginalis_virus_sp|Q90155 19.06475 14.33333 12.01299 14.38127 28.90995 23.10345 28.16229 30.46683 29.68370 31.95122 11.03679 12.08054 24.69136 13.00000 30.08475 13.07190 14.00000 13.56932 13.75358 16.03499 23.83901 22.43767 12.69841 14.65798 28.19277 31.33971 36.91932 100.00000 
                Ustilago_maydis_virus_H1_sp|Q90153 18.62464 14.59075 13.44828 15.35714 21.84874 22.69327 19.66292 19.00585 17.24138 18.73199 12.45421 15.01832 22.19731 16.01423 25.07740 14.73684 14.41860 12.88783 15.18692 12.58907 22.65060 19.93958 13.60544 13.84083 20.96317 21.06742 20.67901 21.72619 100.00000 
                    Wuhan_insect_virus_30_APG76049 26.85512 13.51351 12.12121 10.85973 23.75887 60.53269 24.21053 23.18841 24.45255 25.18248 12.39316 11.21076 61.02564 13.06306 23.78049 12.12121 13.48315 12.46377 13.76404 12.78409 20.23810 21.90813 13.04348 12.60870 21.70819 22.72727 24.51362 27.71536 22.91105 100.00000 
                                       ds2016-55_2 21.55172 11.05263 12.50000 11.11111 16.51786 95.73864 15.65217 17.22488 17.77778 19.28251 11.76471 10.32609 62.53687 11.05263 20.08032 11.57895 12.66234 12.58503 12.94498 10.59603 17.00000 15.81395 10.99476 12.04188 15.11111 16.37931 16.58768 15.83710 20.30769 55.84416 100.00000 
                                      ds2016-56_24 23.88060 14.89362 16.66667 12.90323 29.92126 26.47059 28.57143 32.53968 30.08130 34.42623 14.85149 17.02128 28.68217 18.08511 58.68263 16.83168 16.55172 15.43210 17.24138 19.14894 46.56489 42.96875 15.68627 17.64706 30.15873 28.34646 38.18182 36.52174 26.24113 30.88235 22.80702 100.00000 
                                      ds2016-56_67 25.00000 14.11765 10.10101 11.90476 25.71429 83.20611 32.69231 24.27184 25.00000 27.00000 10.10101 12.94118 72.80702 12.94118 28.28283 11.22449 16.66667 14.16667 16.66667 16.23932 25.45455 25.96154 10.10101 11.11111 25.24272 28.84615 32.96703 31.57895 22.80702 67.93893 71.42857 27.27273 100.00000 
                                      ds2016-56_93 23.30097 6.41026 8.75000 7.79221 16.66667 86.66667 16.90141 18.30986 16.90141 21.12676 6.25000 7.69231 62.50000 7.69231 18.39080 7.50000 9.70874 11.34021 11.65049 9.00000 13.00000 16.21622 7.50000 7.50000 16.90141 15.27778 26.15385 23.94366 20.20202 62.85714 85.71429 23.52941 100.00000 100.00000 
                                      ds2016-57_18 26.89655 11.11111 9.90991 11.22449 26.71756 84.31373 31.53846 24.80620 25.39683 27.77778 9.90991 11.11111 68.53147 12.12121 27.77778 9.09091 17.12329 13.28671 17.12329 16.08392 25.17986 27.69231 9.90991 9.90991 24.80620 27.69231 31.89655 30.32787 23.77622 66.66667 83.58209 27.20000 99.17355 100.00000 100.00000 
                                      ds2016-57_44 25.23364 13.41463 13.33333 12.34568 21.05263 43.11927 24.46809 25.80645 27.77778 20.00000 10.00000 14.63415 47.16981 13.41463 28.04878 15.55556 13.20755 12.87129 13.20755 16.50485 24.00000 24.73118 11.11111 13.33333 22.58065 20.21277 20.23810 22.98851 19.81132 50.00000 44.44444 26.82927 41.12150 36.66667 40.36697 100.00000 
                                     ds2016-58_143 26.53061 17.80822 12.04819 17.80822 28.26087 76.19048 33.69565 25.55556 26.13636 26.13636 14.45783 16.43836 68.75000 17.80822 29.41176 12.19512 20.00000 13.72549 21.00000 19.58763 27.17391 27.77778 13.25301 13.25301 27.77778 29.67033 32.89474 31.25000 21.64948 60.00000 52.63158 28.23529 90.47619 46.15385 89.52381 37.36264 100.00000 
                                     ds2016-58_148 28.15534 9.58904 13.75000 9.72222 29.21348 83.96226 34.09091 28.73563 27.38095 30.95238 12.50000 12.32877 63.72549 10.95890 30.76923 12.50000 15.68627 13.54167 14.70588 15.15152 27.83505 30.33708 11.25000 11.25000 27.58621 30.68182 32.09877 30.95238 26.73267 67.92453 81.66667 29.67033 100.00000 100.00000 100.00000 43.90244 89.23077 100.00000 
                                      ds2016-58_59 27.20588 11.71171 12.28070 11.81818 19.81132 54.22535 25.71429 21.90476 21.90476 26.66667 14.03509 9.90991 51.79856 12.61261 25.58140 11.40351 9.70149 15.50388 10.44776 11.62791 19.25926 19.62617 14.03509 12.28070 22.85714 24.52830 25.51020 21.90476 24.26471 55.24476 51.21951 26.25000 51.85185 53.84615 51.16279 37.50000 50.00000 49.36709 100.00000 
                                      ds2016-58_85 26.81159 10.63830 9.90991 10.75269 26.61290 84.00000 31.70732 25.40984 25.21008 27.73109 9.90991 10.63830 66.91176 11.70213 28.33333 9.09091 17.14286 13.13869 17.14286 16.05839 25.00000 26.82927 9.90991 9.90991 24.59016 27.64228 31.53153 30.43478 22.79412 64.66667 81.66667 27.50000 99.20000 100.00000 99.31507 40.36697 90.47619 100.00000 49.36709 100.00000 
                                     lcl|consensus 23.12925 35.66879 35.62500 35.78275 39.38731 23.84106 40.17467 42.30769 38.16964 37.94643 30.51948 32.90323 25.36443 34.71338 29.29688 34.38486 20.76503 16.48045 20.82192 18.10585 29.51289 31.47208 36.69725 35.42320 40.26258 41.52174 38.74092 38.31325 26.81564 24.91103 19.46903 38.28125 27.61905 21.91781 28.24427 25.26316 29.34783 29.21348 25.23364 28.22581 100.00000 
                                         sp|Q9JE94 20.83333 14.19142 14.93506 12.91391 30.04808 23.74101 36.34146 32.58706 32.59259 33.00493 13.46801 13.04348 23.17460 14.85149 28.63436 13.77049 14.02985 13.35404 13.17365 13.33333 25.30864 23.11978 13.96825 14.98371 29.78208 32.20339 59.86079 36.67482 19.07692 24.80620 18.39623 36.36364 30.76923 24.61538 31.03448 23.80952 32.89474 30.86420 26.26263 30.63063 39.95157 100.00000
