	116
                  Alfalfa_mosaic_virus_sp|P03589.1 100.00000 
              Apple_stem_pitting_virus_sp|Q64963.1 19.88950 100.00000 
                     Bamboo_mosaic_virus_sp|Q65005 15.04854 14.77273 100.00000 
                     Bamboo_mosaic_virus_sp|Q65007 16.21622 30.15873 17.87709 100.00000 
            Barley_stripe_mosaic_virus_sp|P04867.1 21.25604 23.07692 19.28934 21.31148 100.00000 
       Beet_necrotic_yellow_vein_virus_sp|Q65667.1 17.88991 18.37838 17.59259 16.40212 21.32701 100.00000 
       Beet_necrotic_yellow_vein_virus_sp|Q65674.1 18.77934 21.19565 20.29703 16.75676 28.44444 23.14815 100.00000 
            Beet_soil-borne_mosaic_virus_sp|O72591 21.12676 20.10870 18.81188 17.83784 28.88889 23.14815 77.87234 100.00000 
                   Beet_soil-borne_virus_sp|O93163 34.52381 17.87709 15.94203 15.13514 20.68966 22.72727 17.70335 20.09569 100.00000 
                   Beet_soil-borne_virus_sp|Q65726 18.75000 23.49727 19.19192 23.36957 44.44444 21.22642 31.85841 32.74336 20.58824 100.00000 
                            Beet_virus_Q_sp|O92516 18.35749 23.07692 19.79695 20.65217 45.08929 20.85308 27.55556 28.00000 20.68966 67.55556 100.00000 
                      Brome_mosaic_virus_sp|Q65661 39.09465 19.10112 17.78846 16.48352 21.39303 20.18349 19.71154 22.59615 30.08130 22.27723 19.40299 100.00000 
             Cassava_common_mosaic_virus_sp|Q65974 16.50485 13.63636 54.31034 17.31844 16.24365 18.98148 18.31683 17.32673 16.90821 18.18182 17.76650 18.26923 100.00000 
             Cassava_common_mosaic_virus_sp|Q65975 14.75410 29.10053 18.99441 44.77612 19.67213 16.04278 19.02174 18.47826 15.30055 20.65217 22.82609 16.02210 18.43575 100.00000 
          Cherry_green_ring_mottle_virus_sp|O91633 17.87709 46.11399 19.54023 31.57895 22.90503 19.67213 19.88950 18.78453 20.22472 21.11111 22.34637 20.33898 17.81609 33.15789 100.00000 
                 Chrysanthemum_virus_B_sp|P37988.1 18.57923 38.94737 16.66667 28.06122 21.85792 21.92513 22.82609 23.91304 19.56522 22.28261 22.95082 16.11111 16.11111 34.69388 36.17021 100.00000 
                Citrus_leaf_rugose_virus_sp|Q66108 44.09449 18.64407 15.76355 15.38462 21.18227 18.98148 19.13876 17.70335 34.27419 18.62745 19.70443 35.56485 17.24138 17.22222 17.61364 18.88889 100.00000 
                  Cymbidium_mosaic_virus_sp|O37153 15.94203 15.90909 49.13793 15.08380 18.68687 19.44444 19.21182 18.22660 18.26923 17.58794 15.57789 14.83254 49.56897 16.75978 17.81609 20.00000 14.70588 100.00000 
                  Cymbidium_mosaic_virus_sp|O37154 19.44444 29.60894 19.65318 28.72340 21.91011 17.77778 20.11173 18.43575 15.55556 21.78771 23.59551 16.94915 17.91908 29.25532 30.38674 25.66845 16.38418 16.76301 100.00000 
                 Eggplant_mosaic_virus_sp|P20126.2 21.56863 18.28571 25.22124 16.29213 19.48718 19.24883 22.00000 21.50000 18.93204 19.89796 21.53846 20.77295 26.54867 16.29213 16.76301 17.41573 16.91542 26.10619 15.60694 100.00000 
                 Erysimum_latent_virus_sp|P35928.1 20.97561 18.75000 25.99119 15.64246 20.40816 21.02804 20.89552 21.89055 21.25604 20.81218 20.40816 21.63462 28.19383 14.52514 14.94253 19.55307 20.79208 23.78855 16.66667 61.37339 100.00000 
                  Foxtail_mosaic_virus_sp|P22168.1 16.50485 15.90909 66.81034 15.64246 20.30457 18.98148 19.30693 20.29703 17.39130 19.19192 21.82741 16.34615 51.29310 18.99441 17.81609 17.22222 16.74877 46.55172 19.65318 27.43363 29.07489 100.00000 
                  Foxtail_mosaic_virus_sp|P22169.2 17.83784 33.50785 18.99441 47.97980 21.85792 15.87302 15.76087 15.21739 17.29730 20.65217 19.56522 18.68132 20.11173 38.07107 31.08808 31.77083 17.58242 16.20112 24.86486 18.53933 17.31844 17.31844 100.00000 
                          Garlic_virus_A_sp|O55598 16.38418 31.21387 20.21858 27.22222 22.15909 18.61702 19.10112 17.41573 16.20112 22.59887 23.86364 20.33898 19.12568 27.93296 31.39535 29.77528 16.76301 20.76503 25.43353 18.68132 19.67213 20.76503 28.65169 100.00000 
                          Garlic_virus_B_sp|O55600 18.39080 33.33333 17.22222 22.47191 22.41379 21.08108 20.45455 18.75000 21.02273 22.85714 25.86207 21.83908 20.00000 27.68362 28.23529 30.68182 18.82353 20.55556 25.73099 20.67039 22.77778 17.22222 27.27273 52.47525 100.00000 
                          Garlic_virus_C_sp|O55602 21.71429 33.33333 19.88950 23.59551 21.71429 19.89247 20.33898 20.33898 19.20904 27.27273 28.00000 22.85714 19.88950 29.94350 28.82353 31.25000 19.88304 19.33702 25.73099 22.77778 22.09945 20.44199 26.70455 52.21675 57.92079 100.00000 
                          Garlic_virus_X_sp|O09498 18.35749 18.75000 46.55172 20.11173 16.24365 18.51852 17.82178 18.31683 17.78846 16.16162 17.76650 18.18182 44.82759 13.96648 21.26437 21.66667 18.13725 42.48927 19.65318 27.87611 27.75330 43.10345 21.22905 22.95082 23.33333 22.65193 100.00000 
                          Garlic_virus_X_sp|O09499 21.26437 35.67251 20.55556 23.59551 20.68966 19.45946 22.15909 21.59091 18.75000 23.42857 26.43678 21.83908 20.55556 28.81356 30.00000 30.68182 20.58824 22.22222 26.90058 24.02235 23.33333 21.66667 25.56818 57.92079 68.81188 63.86139 22.77778 100.00000 
    Grapevine_leafroll-associated_virus_1_AAF22737 30.04292 15.38462 16.17647 14.36782 20.94241 16.03774 18.18182 19.19192 29.83193 21.35417 22.51309 30.86420 15.68627 14.53488 15.47619 16.27907 30.13100 13.65854 13.85542 18.50000 17.91045 15.68627 13.14286 15.56886 16.46341 17.57576 17.56098 16.46341 100.00000 
    Grapevine_leafroll-associated_virus_2_ABB90531 30.13699 16.23377 15.76087 11.32075 17.12707 19.28934 14.05405 16.75676 28.44444 17.67956 19.44444 29.91071 17.93478 12.73885 13.07190 15.28662 29.30233 13.51351 18.42105 17.67956 19.23077 16.84783 13.75000 15.58442 15.78947 15.13158 17.83784 16.44737 32.76596 100.00000 
    Grapevine_leafroll-associated_virus_3_ADM07404 31.89655 18.34320 16.66667 14.94253 22.51309 18.39623 18.68687 18.18182 32.48945 22.91667 22.51309 33.19328 14.70588 16.86047 17.85714 17.44186 32.89474 11.70732 16.36364 16.08040 17.50000 17.64706 14.85714 19.16168 17.68293 20.00000 16.58537 18.29268 48.07692 31.62393 100.00000 
    Grapevine_leafroll-associated_virus_3_AFV73379 31.89655 18.34320 16.66667 14.94253 22.51309 18.39623 18.68687 18.18182 32.48945 22.91667 22.51309 33.19328 14.70588 16.86047 17.85714 17.44186 32.89474 11.70732 16.36364 16.08040 17.50000 17.64706 14.85714 19.16168 17.68293 20.00000 16.58537 18.29268 48.07692 31.62393 100.00000 100.00000 
Grapevine_rupestris_stem_pitting-associated_virus_ABD79043 19.56522 41.89944 17.03297 36.81319 26.25698 20.21277 24.17582 21.42857 17.20430 26.66667 25.69832 17.03297 16.48352 34.25414 42.77778 42.62295 18.68132 14.83516 26.58960 14.60674 15.08380 17.03297 32.78689 35.83815 33.52941 31.57895 15.93407 35.29412 14.68927 17.61006 17.51412 17.51412 100.00000 
Grapevine_rupestris_stem_pitting-associated_virus_ABL10064 19.02174 45.25140 15.38462 36.26374 27.93296 21.27660 23.07692 20.32967 19.35484 23.88889 24.02235 15.93407 15.93407 33.70166 41.11111 42.62295 19.78022 15.38462 23.69942 14.60674 16.75978 18.13187 33.87978 33.52601 33.52941 29.23977 15.38462 32.94118 15.81921 16.98113 18.64407 18.64407 85.27919 100.00000 
Grapevine_rupestris_stem_pitting-associated_virus_ALB35654 18.75000 23.40426 22.22222 16.84211 17.39130 21.53846 20.33898 19.49153 19.08397 19.82759 17.39130 19.23077 19.25926 21.05263 23.91304 22.91667 18.40000 25.92593 23.91304 24.26471 26.47059 21.48148 18.75000 23.00000 22.68041 25.51020 25.18519 24.74227 14.72868 14.87603 15.50388 15.50388 19.58763 19.58763 100.00000 
Grapevine_rupestris_stem_pitting-associated_virus_ALP32116 19.53125 23.40426 21.48148 16.84211 16.52174 21.53846 19.49153 20.33898 19.84733 18.96552 16.52174 19.23077 20.00000 21.05263 23.91304 22.91667 17.60000 25.18519 23.91304 24.26471 26.47059 20.74074 18.75000 23.00000 22.68041 25.51020 24.44444 24.74227 14.72868 14.87603 15.50388 15.50388 19.58763 19.58763 97.40260 100.00000 
Grapevine_rupestris_stem_pitting-associated_virus_ALP32117 20.10870 43.57542 15.38462 35.71429 26.81564 20.74468 22.52747 19.78022 18.27957 24.44444 25.69832 16.48352 15.38462 33.70166 40.55556 43.71585 20.87912 15.38462 24.85549 14.04494 16.20112 17.58242 32.78689 34.68208 34.70588 30.40936 15.38462 34.11765 16.38418 17.61006 19.20904 19.20904 88.32487 92.89340 19.58763 19.58763 100.00000 
Grapevine_rupestris_stem_pitting-associated_virus_APA22558 19.53125 23.40426 22.22222 16.84211 19.13043 20.76923 21.18644 20.33898 19.08397 19.82759 17.39130 19.23077 18.51852 21.05263 23.91304 22.91667 18.40000 25.92593 23.91304 23.52941 26.47059 20.74074 18.75000 23.00000 22.68041 25.51020 25.18519 24.74227 14.72868 14.87603 14.72868 14.72868 19.58763 19.58763 96.10390 94.15584 19.58763 100.00000 
Grapevine_rupestris_stem_pitting-associated_virus_BAF34850 19.02174 44.13408 16.48352 36.81319 26.25698 20.21277 23.07692 20.87912 17.20430 25.55556 24.02235 16.48352 15.38462 34.25414 43.88889 40.98361 18.13187 14.28571 26.01156 14.04494 14.52514 17.03297 32.24044 35.26012 32.35294 30.40936 15.93407 34.11765 14.68927 17.61006 16.94915 16.94915 95.43147 86.29442 19.58763 19.58763 88.83249 19.58763 100.00000 
Grapevine_rupestris_stem_pitting-associated_virus_BAF34855 17.39130 43.01676 17.58242 35.16484 26.25698 19.68085 21.42857 19.23077 17.74194 23.88889 26.25698 15.93407 16.48352 32.59669 41.11111 43.16940 18.68132 15.38462 25.43353 13.48315 14.52514 17.58242 33.87978 35.83815 34.70588 29.23977 16.48352 34.11765 15.25424 17.61006 19.77401 19.77401 84.77157 87.30964 18.55670 18.55670 88.32487 18.55670 85.27919 100.00000 
Grapevine_rupestris_stem_pitting-associated_virus_gb|AAC62911.1 17.51412 42.47312 18.07910 34.39153 26.13636 19.44444 19.66292 17.97753 17.04545 22.59887 23.86364 16.18497 15.81921 31.21693 39.36170 40.74074 18.96552 16.38418 24.02235 14.12429 14.60674 18.07910 34.57447 35.63218 34.88372 29.06977 18.64407 34.30233 15.75758 18.12081 19.39394 19.39394 84.06593 85.71429 17.89474 17.89474 86.81319 17.89474 83.51648 93.95604 100.00000 
                        Grapevine_virus_A_AFV73358 19.00000 17.94872 23.00000 20.49689 18.91892 20.10050 19.47368 20.52632 18.90547 23.65591 21.50538 24.87047 23.50000 16.35220 21.93548 20.00000 18.36735 24.75248 21.42857 30.10204 28.42640 22.50000 20.49689 22.01258 23.07692 19.74522 29.00000 24.35897 14.64646 17.58242 16.16162 16.16162 17.57576 17.57576 33.33333 31.78295 16.96970 33.33333 16.96970 16.96970 18.35443 100.00000 
                     Grapevine_virus_A_sp|Q67704.1 17.50000 18.23529 22.47706 18.85714 18.94737 20.37915 18.36735 18.87755 18.22660 21.98953 20.00000 21.50000 22.47706 16.18497 18.45238 18.39080 20.20202 24.77064 23.63636 28.97196 30.69767 22.47706 20.68966 18.85714 22.09302 19.07514 27.52294 22.67442 13.50000 15.55556 15.50000 15.50000 16.00000 18.28571 36.36364 34.84848 17.71429 36.36364 16.00000 17.14286 16.86047 83.58209 100.00000 
                       Grapevine_virus_B_sp|Q96806 16.24365 18.07229 26.16822 14.61988 17.64706 18.84058 20.20725 20.72539 19.50000 22.87234 20.85561 21.82741 24.76636 15.97633 18.90244 16.47059 18.97436 23.83178 19.25466 30.00000 30.80569 25.70093 17.64706 22.09302 24.26036 22.35294 29.43925 23.66864 16.16162 18.53933 18.68687 18.68687 16.95906 16.37427 32.57576 31.81818 16.95906 32.57576 16.37427 18.12865 16.66667 51.75879 49.77578 100.00000 
                     Hepatitis_E_virus_sp|Q03495.1 22.52747 26.11465 23.52941 22.01258 21.97802 23.83420 20.32086 20.85561 25.27473 22.40437 22.40437 26.88172 23.52941 22.01258 24.51613 23.27044 23.07692 23.80952 19.86755 26.73797 26.59574 26.73797 22.64151 24.69880 22.42424 22.28916 23.52941 20.60606 27.58621 22.83951 28.73563 28.73563 23.87097 27.09677 24.32432 24.32432 25.16129 23.42342 24.51613 26.45161 25.32468 27.74566 27.17391 25.27473 100.00000 
          Kennedya_yellow_mosaic_virus_sp|P36304.1 20.48780 14.77273 25.55066 17.31844 20.91837 21.10092 18.90547 20.39801 22.22222 20.81218 20.91837 22.11538 29.51542 14.52514 15.51724 15.64246 20.29703 25.11013 18.96552 63.09013 62.39316 30.39648 16.75978 19.78610 20.10870 18.91892 27.75330 22.82609 18.90547 20.32967 18.00000 18.00000 13.96648 15.08380 25.00000 25.00000 15.08380 25.00000 13.40782 13.96648 14.04494 27.91878 28.83721 30.80569 28.64583 100.00000 
                  Lily_symptomless_virus_sp|Q83086 17.77778 38.42105 12.92135 27.83505 21.54696 20.54054 24.72527 22.52747 17.67956 21.42857 23.20442 18.53933 12.92135 29.38144 34.75936 50.76142 18.07910 16.85393 27.17391 21.59091 20.33898 14.60674 26.31579 28.81356 30.85714 31.42857 17.41573 30.85714 17.05882 16.77419 18.23529 18.23529 37.91209 37.36264 18.94737 18.94737 38.46154 18.94737 35.71429 37.36264 35.82888 20.88608 18.02326 16.66667 21.65605 17.51412 100.00000 
                          Lily_virus_X_sp|P27329.1 21.34831 38.17204 17.31844 32.10526 25.00000 21.62162 23.20442 20.44199 16.94915 23.75691 25.00000 21.14286 21.22905 35.26316 32.25806 35.78947 22.41379 18.43575 30.21978 20.78652 17.87709 19.55307 34.21053 26.85714 30.05780 27.16763 18.43575 31.21387 16.86747 18.54305 19.87952 19.87952 38.46154 37.91209 15.21739 15.21739 37.36264 15.21739 37.91209 37.91209 36.21622 19.62025 18.02326 19.64286 24.51613 20.67039 36.17021 100.00000 
                  Lychnis_ringspot_virus_sp|Q83077 17.39130 23.62637 17.67677 22.95082 56.25000 23.47418 30.08850 30.53097 19.21182 47.32143 45.29148 19.90050 17.67677 22.52747 24.58101 26.92308 18.22660 17.08543 25.42373 18.87755 19.79695 20.20202 23.49727 22.15909 24.71264 24.57143 17.67677 22.98851 18.84817 17.67956 20.94241 20.94241 27.93296 27.37430 20.68966 20.68966 26.25698 21.55172 27.37430 25.69832 24.43182 24.06417 22.91667 19.57672 21.85792 18.27411 26.11111 26.66667 100.00000 
                Narcissus_mosaic_virus_sp|P15096.1 22.36025 26.31579 22.64151 24.66667 18.95425 18.01242 20.00000 18.70968 18.75000 20.12987 19.60784 18.51852 20.75472 27.33333 28.47682 27.81457 21.73913 23.27044 32.39437 22.92994 22.78481 22.64151 26.97368 27.02703 30.61224 30.40541 25.78616 29.25170 13.15789 13.04348 13.81579 13.81579 25.17007 23.12925 17.77778 17.77778 23.80952 18.88889 24.48980 25.85034 26.17450 21.42857 20.12987 21.19205 24.00000 23.41772 31.33333 26.02740 22.22222 100.00000 
         Nicotiana_velutina_mosaic_virus_sp|Q05149 20.30457 21.46893 18.59296 16.29213 28.57143 22.92683 28.35821 27.36318 19.48718 32.99492 30.10204 24.24242 22.11055 20.33898 23.86364 20.57143 19.89796 17.58794 22.48521 20.00000 18.40796 20.60302 18.43575 23.91304 24.86188 26.92308 22.61307 24.86188 18.71658 18.82353 20.85561 20.85561 22.41379 21.83908 18.26087 18.26087 21.26437 18.26087 21.26437 20.68966 21.46893 23.20442 22.16495 22.51309 21.80851 19.51220 19.07514 20.34884 30.96447 18.63354 100.00000 
                    Oat_blue_dwarf_virus_sp|P89920 23.90244 17.04545 25.55066 15.08380 19.89796 20.56075 19.90050 22.38806 24.15459 19.79695 19.89796 20.67308 25.99119 12.84916 17.81609 16.75978 22.27723 23.78855 16.09195 57.08155 58.11966 27.31278 16.20112 20.76503 22.22222 21.54696 27.75330 23.88889 22.88557 20.32967 17.50000 17.50000 12.84916 13.96648 23.52941 23.52941 13.96648 23.52941 12.84916 13.40782 14.04494 26.39594 25.58140 28.43602 26.06383 55.12821 18.07910 15.64246 17.76650 22.78481 17.91045 100.00000 
                    Obuda_pepper_virus_sp|P90211.1 32.09877 16.66667 14.42308 14.67391 17.87440 22.52252 16.90141 20.18779 40.96386 19.23077 19.32367 33.61345 15.38462 14.83516 17.87709 19.23077 32.64463 17.70335 16.38418 19.41748 18.35749 16.82692 15.21739 14.83516 18.99441 20.55556 14.83254 19.55307 30.30303 28.76712 28.13853 28.13853 16.21622 18.37838 17.29323 18.04511 17.83784 17.29323 16.21622 17.29730 16.94915 18.90547 19.02439 20.19704 28.57143 20.09569 18.88889 18.75000 18.35749 21.60494 18.90547 22.22222 100.00000 
            Odontoglossum_ringspot_virus_sp|Q84124 32.38866 20.67039 15.94203 18.47826 17.56098 19.73094 18.48341 20.37915 36.11111 20.87379 17.56098 36.47541 16.90821 15.38462 20.22472 18.78453 28.97959 16.34615 15.16854 21.25604 21.15385 16.42512 16.30435 14.44444 17.51412 18.53933 16.34615 17.51412 29.78723 31.22172 26.60944 26.60944 15.76087 16.84783 15.26718 16.03053 16.84783 15.26718 16.30435 16.30435 17.04545 22.66010 22.54902 22.38806 28.49462 20.47619 19.55307 19.88636 19.02439 19.75309 23.00000 22.11538 64.56693 100.00000 
            Ononis_yellow_mosaic_virus_sp|P20127.1 20.00000 17.04545 29.51542 16.75978 20.40816 23.83178 24.37811 24.87562 22.22222 20.30457 20.40816 22.11538 28.63436 15.64246 19.54023 15.64246 20.79208 28.63436 18.39080 63.09013 58.97436 28.19383 16.75978 20.21858 23.33333 21.54696 29.07489 23.88889 18.90547 16.48352 19.00000 19.00000 15.64246 15.64246 26.47059 26.47059 15.64246 25.73529 14.52514 15.08380 15.73034 26.90355 27.44186 30.80569 27.12766 60.68376 20.90395 17.87709 19.79695 24.68354 20.39801 58.11966 21.25604 20.19231 100.00000 
               Papaya_mosaic_virus_ref|NP_044331.1 16.66667 31.57895 18.49711 42.40838 25.28090 18.68132 19.55307 21.22905 16.29213 25.13966 22.47191 16.57143 19.07514 47.12042 36.78756 37.89474 19.88636 20.80925 31.86813 16.18497 17.24138 20.23121 36.97917 30.05780 27.48538 27.48538 21.38728 27.48538 17.46988 16.55629 18.07229 18.07229 39.66480 38.54749 25.80645 25.80645 39.10615 25.80645 39.66480 39.66480 39.15344 21.42857 20.95808 17.79141 23.52941 16.09195 36.70213 36.89840 26.96629 27.02703 18.49711 16.09195 16.38418 18.64407 18.96552 100.00000 
                Pea_early-browning_virus_sp|Q84701 33.87755 19.55307 15.94203 13.66120 22.66010 21.71946 20.57416 21.53110 47.41036 19.60784 19.70443 33.05785 19.32367 16.57459 19.10112 19.88950 32.09877 18.75000 13.55932 18.44660 20.77295 17.39130 15.30055 18.18182 21.38728 21.26437 17.78846 23.12139 29.66102 34.68468 32.90598 32.90598 20.10870 21.19565 19.54887 20.30075 21.19565 20.30075 19.56522 21.19565 19.54023 20.89552 19.80198 22.00000 26.37363 20.77295 20.67039 20.57143 18.22660 18.63354 21.93878 20.28986 37.80488 35.20000 19.32367 18.18182 100.00000 
                    Peanut_clump_virus_sp|Q08317.1 21.73913 24.59016 19.69697 20.76503 44.64286 21.69811 35.11111 32.44444 21.18227 52.88889 49.10714 21.89055 16.16162 20.76503 22.22222 24.59016 22.16749 16.58291 24.15730 18.36735 21.82741 19.69697 17.93478 20.90395 24.00000 25.56818 16.16162 24.57143 22.51309 18.33333 25.13089 25.13089 27.77778 28.33333 20.68966 19.82759 27.77778 21.55172 28.33333 28.33333 25.98870 24.73118 24.60733 21.27660 22.95082 16.75127 25.96685 22.65193 49.55357 18.83117 35.53299 17.25888 19.80676 22.43902 20.30457 22.34637 21.67488 100.00000 
              Pepper_mild_mottle_virus_sp|P29098.2 32.09877 18.99441 15.38462 16.30435 20.87379 21.17117 16.98113 18.86792 39.75904 18.35749 17.47573 32.35294 17.30769 17.03297 21.91011 21.42857 31.81818 17.70335 14.68927 18.93204 18.35749 16.82692 16.30435 16.48352 20.11173 20.55556 17.70335 19.55307 30.30303 27.85388 30.73593 30.73593 17.83784 19.45946 18.79699 19.54887 19.45946 18.04511 17.83784 19.45946 18.75000 20.89552 19.02439 20.19704 29.78723 19.13876 19.44444 19.88636 17.96117 22.83951 21.50000 19.32367 74.60938 65.74803 19.32367 18.07910 37.39837 18.44660 100.00000 
                   Pepper_ringspot_virus_sp|Q84918 33.46939 16.20112 18.35749 13.66120 21.18227 18.55204 19.61722 21.53110 45.41833 18.13725 18.22660 33.88430 19.32367 16.02210 17.41573 16.02210 30.45267 17.78846 12.42938 16.99029 18.84058 18.84058 17.48634 17.61364 21.38728 20.11494 18.26923 21.96532 27.54237 31.98198 30.76923 30.76923 19.56522 19.56522 18.79699 19.54887 19.56522 18.79699 19.02174 19.02174 19.54023 19.40299 17.82178 19.50000 26.92308 18.84058 18.43575 17.14286 17.24138 19.87578 21.42857 17.39130 35.36585 35.60000 18.84058 17.04545 77.82101 20.68966 35.36585 100.00000 
                   Physalis_mottle_virus_sp|O91260 24.39024 15.90909 24.77876 18.43575 22.56410 19.71831 23.50000 23.50000 21.25604 18.87755 22.05128 20.67308 26.99115 16.20112 16.66667 15.08380 20.29703 25.11013 16.66667 66.37931 57.93991 23.89381 18.99441 18.03279 18.33333 21.54696 25.99119 20.55556 18.40796 17.58242 16.00000 16.00000 13.96648 14.52514 21.32353 21.32353 13.40782 20.58824 13.96648 13.40782 14.04494 25.51020 26.16822 28.57143 25.53191 55.79399 18.07910 17.31844 19.89796 22.15190 20.00000 50.64378 19.32367 19.23077 57.93991 18.39080 17.39130 21.42857 16.42512 16.90821 100.00000 
        Plantago_asiatica_mosaic_virus_sp|Q07517.1 19.23077 32.80423 16.29213 44.72362 23.07692 17.20430 21.85792 20.21858 14.83516 22.95082 19.78022 18.88889 16.85393 49.24623 34.21053 33.33333 21.78771 18.53933 26.20321 22.59887 19.10112 15.16854 35.38462 27.93296 24.85876 28.24859 17.41573 29.37853 18.12865 14.74359 18.71345 18.71345 34.80663 33.70166 15.95745 17.02128 33.70166 17.02128 34.80663 32.59669 31.74603 20.25316 18.60465 17.85714 22.15190 16.85393 33.50515 39.68254 22.65193 27.33333 19.88636 17.41573 16.02210 19.88950 19.66292 45.54974 15.55556 19.78022 22.09945 15.00000 18.53933 100.00000 
        Plantago_asiatica_mosaic_virus_sp|Q07518.1 18.93204 15.34091 53.87931 17.31844 19.28934 18.98148 20.79208 20.79208 16.90821 16.16162 17.76650 20.19231 69.82759 17.87709 17.24138 16.66667 15.76355 52.58621 18.49711 26.54867 26.87225 51.72414 18.43575 21.31148 17.22222 18.23204 43.53448 19.44444 17.15686 16.84783 15.19608 15.19608 17.58242 18.13187 22.96296 22.96296 18.68132 22.22222 17.03297 18.68132 18.64407 23.50000 22.47706 23.83178 24.06417 29.51542 16.85393 21.22905 19.19192 21.38365 21.10553 26.43172 15.38462 16.90821 32.15859 20.23121 18.84058 17.17172 17.30769 18.35749 27.43363 19.10112 100.00000 
                    Poa_semilatent_virus_sp|Q85079 18.84058 21.42857 17.76650 19.12568 66.22222 19.43128 28.00000 27.55556 20.19704 44.00000 43.75000 20.89552 16.75127 21.31148 24.02235 21.85792 20.19704 17.17172 24.71910 20.00000 20.40816 19.79695 19.67213 21.59091 24.71264 25.71429 16.24365 23.56322 20.94241 17.12707 21.98953 21.98953 24.02235 26.81564 21.73913 20.86957 25.13966 21.73913 25.13966 25.13966 23.86364 19.45946 19.47368 19.25134 21.97802 20.40816 20.44199 23.33333 53.57143 20.26144 31.63265 16.83673 22.22222 18.53659 20.40816 23.03371 21.18227 45.98214 22.33010 19.70443 21.53846 19.78022 17.76650 100.00000 
              Potato_aucuba_mosaic_virus_sp|Q86822 18.03279 29.77528 16.76301 26.92308 17.03297 15.08380 13.04348 14.67391 11.17318 17.48634 18.57923 15.81921 15.02890 27.62431 28.08989 26.66667 18.43575 13.87283 40.00000 15.69767 16.76301 18.49711 24.17582 24.09639 21.34146 27.87879 14.45087 24.39024 11.37725 10.66667 14.97006 14.97006 26.31579 22.80702 21.34831 21.34831 23.97661 21.34831 25.73099 25.73099 24.29379 18.47134 16.76647 15.95092 13.92405 15.60694 26.55367 28.81356 19.23077 28.94737 17.04545 12.13873 12.84916 15.64246 14.45087 29.77528 15.16854 17.48634 15.64246 15.16854 12.71676 29.60894 15.02890 18.13187 100.00000 
                    Potato_mop-top_virus_sp|Q85291 18.26923 22.40437 19.69697 20.10870 42.66667 21.69811 28.76106 27.87611 20.58824 64.60177 68.88889 19.80198 18.68687 19.56522 21.11111 26.08696 19.11765 18.09045 22.34637 19.89796 21.82741 21.71717 19.02174 23.16384 25.71429 27.27273 18.68687 24.00000 21.35417 19.33702 22.39583 22.39583 25.00000 25.00000 19.82759 18.96552 25.55556 18.96552 23.88889 23.88889 22.59887 21.50538 20.41885 20.21277 22.40437 21.82741 21.42857 22.09945 43.30357 18.18182 31.97970 19.28934 19.23077 20.87379 19.79695 24.58101 20.58824 47.55556 18.84058 19.60784 20.40816 20.76503 18.68687 40.44444 20.21858 100.00000 
                        Potato_virus_M_sp|P17526.2 15.46961 35.26316 18.53933 27.83505 20.44199 19.45946 23.62637 23.07692 15.93407 24.72527 25.96685 16.85393 16.85393 32.47423 32.62032 52.02020 17.97753 16.85393 25.94595 18.18182 18.07910 17.97753 31.05263 29.37853 30.28571 29.71429 20.22472 29.14286 14.70588 15.48387 18.23529 18.23529 39.01099 37.91209 24.21053 24.21053 37.91209 24.21053 39.01099 39.56044 38.82979 20.88608 18.60465 16.66667 23.56688 18.07910 50.76142 36.17021 26.11111 29.33333 19.07514 16.94915 17.77778 18.99441 20.33898 39.15344 16.75978 24.30939 19.44444 17.31844 15.25424 32.98969 17.41573 23.75691 25.84270 26.37363 100.00000 
                        Potato_virus_S_sp|P16650.1 19.55307 38.29787 15.73034 28.64583 22.65193 18.91892 23.07692 23.07692 18.88889 24.72527 26.51934 21.02273 16.85393 33.33333 35.13514 48.46939 21.59091 19.10112 28.80435 21.59091 19.77401 16.29213 28.72340 25.98870 31.42857 29.71429 19.66292 29.14286 17.85714 17.64706 20.23810 20.23810 40.65934 38.46154 23.65591 23.65591 40.10989 23.65591 39.01099 38.46154 37.63441 19.10828 18.12865 18.56287 24.20382 19.20904 55.89744 37.76596 27.77778 32.43243 23.97661 16.94915 21.34831 20.90395 22.03390 36.36364 20.33898 27.07182 21.34831 16.94915 18.07910 31.77083 17.41573 23.20442 23.86364 23.62637 54.08163 100.00000 
                        Potato_virus_X_sp|P17780.1 16.48352 31.21693 16.94915 32.16080 19.23077 13.51351 19.12568 19.67213 13.25967 22.40437 22.95082 18.99441 17.51412 38.19095 32.10526 32.47423 18.43575 19.20904 29.56989 16.47727 17.51412 18.07910 28.71795 30.33708 31.25000 32.38636 21.46893 31.81818 13.52941 13.54839 14.11765 14.11765 31.66667 30.55556 24.73118 24.73118 31.66667 24.73118 30.00000 30.55556 29.62963 19.10828 19.88304 16.76647 20.25316 17.51412 27.97927 30.31915 24.86188 25.33333 20.45455 18.07910 14.91713 18.23204 18.64407 35.07853 15.00000 21.42857 15.46961 16.66667 16.94915 35.85859 18.64407 21.97802 26.11111 23.49727 31.60622 26.70157 100.00000 
                        Potato_virus_X_sp|P22591.1 17.78846 17.61364 54.31034 17.31844 20.30457 21.75926 21.28713 21.28713 19.13876 18.68687 18.27411 17.14286 51.72414 17.31844 21.26437 20.55556 16.58537 53.64807 18.96552 28.63436 28.94737 51.29310 18.99441 23.49727 21.11111 21.54696 45.92275 23.88889 16.99029 18.37838 15.60976 15.60976 20.32967 19.78022 25.92593 25.18519 19.23077 25.92593 19.78022 19.78022 19.77401 25.50000 23.85321 24.29907 24.59893 27.19298 17.97753 23.46369 19.69697 22.01258 20.10050 28.50877 18.18182 16.74641 30.26316 23.69942 19.13876 18.18182 19.13876 20.57416 25.87719 20.22472 51.29310 18.78173 14.45087 20.70707 17.97753 19.10112 18.64407 100.00000 
                       Prune_dwarf_virus_sp|P89033 60.38462 18.78453 15.04854 17.29730 21.73913 16.51376 17.84038 18.77934 34.26295 18.75000 18.84058 38.84298 15.04854 15.84699 16.75978 19.12568 46.06299 15.94203 18.33333 18.13725 20.00000 15.53398 18.91892 17.51412 18.39080 21.71429 16.90821 20.11494 30.60345 29.35780 31.16883 31.16883 18.47826 20.65217 21.09375 20.31250 21.19565 21.09375 17.93478 19.02174 20.33898 19.09548 20.00000 16.24365 21.97802 19.02439 21.11111 17.97753 15.94203 22.36025 19.79695 20.97561 32.51029 31.30081 17.56098 19.44444 33.19672 20.77295 32.51029 31.14754 21.95122 21.97802 16.99029 19.32367 16.93989 18.26923 17.12707 20.67039 16.48352 17.78846 100.00000 
           Raspberry_bushy_dwarf_virus_sp|Q05983.1 36.69355 21.22905 18.00948 15.30055 24.50980 19.54545 15.23810 17.61905 29.43548 21.95122 22.54902 35.56485 15.63981 14.91713 18.07910 16.48352 32.11382 15.56604 18.07910 19.23077 19.61722 17.53555 16.30435 18.49711 17.64706 20.46784 16.98113 20.58824 27.96610 31.05023 31.19658 31.19658 18.57923 17.48634 20.15504 20.15504 18.57923 20.15504 18.57923 17.48634 16.57143 21.46341 20.00000 19.80198 22.70270 21.05263 13.96648 19.88636 22.43902 16.14907 19.28934 19.61722 32.51029 33.19838 17.70335 17.51412 33.06452 21.46341 35.39095 33.06452 18.18182 17.77778 16.58768 24.01961 17.03297 24.39024 15.00000 15.73034 17.77778 18.30986 34.41296 100.00000 
                    Shallot_latent_virus_sp|Q67552 18.81720 29.53368 15.38462 25.51020 20.32086 21.69312 21.16402 19.57672 20.43011 22.34043 20.32086 16.48352 14.28571 30.61224 32.63158 36.50000 17.48634 18.13187 23.52941 20.55556 19.33702 15.93407 27.08333 32.58427 33.52273 32.38636 17.03297 33.52273 14.94253 15.09434 17.24138 17.24138 36.61202 38.79781 21.42857 20.40816 38.25137 20.40816 34.97268 35.51913 34.55497 20.98765 17.61364 15.11628 20.73171 17.67956 38.57868 30.52632 20.43011 23.68421 26.81564 19.88950 21.50538 21.19565 18.78453 27.22513 23.36957 23.52941 23.24324 22.28261 16.57459 28.20513 15.93407 22.45989 20.99448 20.74468 36.86869 33.67347 28.71795 21.42857 19.35484 20.00000 100.00000 
                    Shallot_latent_virus_sp|Q67655 15.67568 27.08333 14.91713 24.61538 18.81720 19.68085 19.68085 18.61702 18.91892 21.39037 20.96774 14.36464 13.25967 28.20513 32.80423 31.15578 15.93407 13.81215 23.65591 18.43575 16.66667 13.81215 27.74869 30.50847 30.85714 28.57143 14.91713 30.85714 14.45087 12.65823 15.02890 15.02890 34.06593 35.71429 19.58763 19.58763 36.26374 19.58763 32.96703 35.16484 34.21053 20.49689 16.00000 14.61988 18.40491 16.66667 36.22449 28.04233 18.37838 19.86755 25.84270 17.22222 18.37838 19.12568 16.11111 25.26316 20.21858 21.50538 22.28261 19.67213 15.00000 26.80412 15.46961 21.50538 20.00000 19.78610 34.01015 31.79487 26.80412 17.67956 16.75676 17.93478 77.94118 100.00000 
                       Shallot_virus_X_sp|Q04575.1 16.99029 16.47727 46.32035 19.55307 14.28571 19.06977 17.91045 16.91542 18.26923 13.70558 16.83673 17.30769 44.58874 16.20112 18.96552 18.88889 16.74877 40.51724 17.91908 27.55556 27.43363 40.69264 20.11173 22.40437 22.22222 20.99448 75.96567 22.77778 15.19608 15.21739 14.21569 14.21569 14.83516 14.83516 25.37313 26.11940 15.93407 25.37313 14.83516 15.93407 17.51412 25.62814 24.88479 26.29108 23.11828 28.31858 15.16854 16.75978 16.24365 23.27044 20.10050 26.54867 14.42308 15.94203 29.20354 18.49711 17.78846 14.21320 18.26923 18.75000 25.66372 17.97753 45.45455 16.32653 13.29480 16.75127 17.97753 18.53933 20.90395 41.37931 15.53398 15.63981 17.03297 15.46961 100.00000 
                       Shallot_virus_X_sp|Q04581.1 16.09195 32.94118 22.22222 26.55367 22.98851 17.83784 18.75000 18.75000 17.61364 24.00000 27.01149 20.11494 20.00000 30.68182 31.36095 32.00000 17.64706 20.00000 24.70588 20.11173 21.11111 23.33333 31.42857 64.35644 59.70149 59.90099 22.22222 61.69154 16.46341 15.89404 18.90244 18.90244 33.52941 31.76471 21.64948 21.64948 32.35294 21.64948 34.11765 34.70588 34.50292 21.79487 20.34884 23.66864 23.03030 19.56522 28.16092 27.90698 26.43678 27.89116 23.75691 22.22222 18.43575 15.81921 22.22222 30.58824 19.07514 25.14286 20.11173 19.07514 18.88889 30.68182 20.00000 25.28736 26.82927 25.71429 32.18391 26.43678 32.00000 25.55556 17.24138 17.05882 33.14286 32.18391 22.77778 100.00000 
                    Spinach_latent_virus_sp|O57161 45.27559 16.94915 15.76355 15.38462 21.18227 20.37037 19.13876 21.05263 33.87097 20.58824 20.19704 38.91213 18.22660 17.77778 18.75000 17.22222 76.37795 15.68627 17.51412 17.91045 21.28713 17.73399 16.48352 17.91908 20.00000 19.88304 19.60784 20.58824 32.31441 31.62791 33.33333 33.33333 18.68132 18.68132 19.20000 20.00000 18.68132 20.00000 18.13187 18.13187 17.81609 18.87755 18.18182 17.94872 23.07692 21.78218 16.94915 21.26437 19.70443 22.36025 22.95918 21.28713 32.64463 32.65306 21.28713 20.45455 34.15638 21.67488 32.64463 33.74486 22.27723 20.67039 17.73399 20.19704 16.75978 19.60784 16.85393 22.15909 18.99441 17.07317 46.06299 33.73984 18.03279 14.83516 19.70443 17.64706 100.00000 
     Strawberry_mild_yellow_edge_virus_sp|P28897.1 16.42512 15.90909 51.29310 17.87709 17.25888 18.51852 19.80198 20.79208 16.82692 17.17172 18.78173 14.83254 52.15517 15.64246 18.96552 18.88889 13.72549 49.35622 19.65318 26.10619 24.22907 50.43103 20.11173 22.40437 19.44444 20.44199 47.00855 21.66667 16.09756 17.83784 15.12195 15.12195 18.13187 18.68132 22.22222 22.22222 18.13187 22.22222 17.58242 18.13187 19.77401 24.00000 22.93578 23.83178 21.39037 25.99119 16.29213 21.78771 18.68687 22.64151 21.60804 23.78855 15.31100 15.86538 26.87225 19.65318 15.38462 20.20202 15.78947 14.90385 25.11013 17.41573 50.86207 18.27411 16.76301 19.69697 19.10112 15.73034 16.94915 53.21888 14.49275 15.09434 17.58242 13.81215 45.06438 22.77778 16.17647 100.00000 
     Strawberry_mild_yellow_edge_virus_sp|Q00846.2 18.23204 31.69399 14.85714 24.86772 22.34637 16.57459 22.65193 22.09945 18.33333 23.33333 24.02235 22.72727 16.00000 29.25532 25.68306 33.33333 20.22472 18.28571 30.64516 20.68966 17.71429 16.57143 23.78378 22.41379 26.74419 26.74419 20.00000 26.16279 17.85714 17.53247 17.26190 17.26190 31.81818 30.11364 20.87912 20.87912 30.68182 20.87912 31.81818 29.54545 29.67033 21.93548 20.23810 18.90244 23.22581 17.71429 32.25806 30.76923 26.96629 30.40541 23.83721 17.14286 20.55556 21.78771 20.57143 32.78689 19.10112 25.69832 18.43575 18.53933 16.57143 31.01604 18.28571 21.78771 25.28090 22.77778 34.75936 38.37838 27.80749 18.28571 16.57459 16.20112 25.13089 22.63158 17.71429 26.31579 19.66292 18.28571 100.00000 
                Sunn-hemp_mosaic_virus_sp|P89202.2 32.37705 18.33333 16.82692 15.67568 18.93204 21.17117 19.81132 19.81132 38.55422 19.80676 18.44660 33.89121 18.75000 14.20765 21.22905 18.68132 33.74486 14.83254 15.73034 18.35749 17.78846 17.78846 17.29730 16.11111 16.38418 18.53933 19.13876 19.20904 33.04348 31.19266 34.34783 34.34783 20.00000 20.00000 19.08397 18.32061 20.00000 18.32061 19.45946 20.54054 20.45455 19.00000 16.66667 20.39801 29.41176 20.47619 16.11111 20.33898 18.44660 21.60494 20.50000 20.19231 53.14961 48.42520 20.19231 19.10112 35.10204 20.38835 54.33071 36.32653 16.82692 17.58242 17.30769 22.81553 14.52514 18.84058 17.77778 21.34831 14.28571 18.18182 33.60656 35.39095 20.00000 17.93478 16.34615 16.94915 34.97942 15.78947 20.55556 100.00000 
                  Tobacco_mosaic_virus_sp|P03586.2 31.68724 18.33333 15.38462 15.76087 21.25604 22.07207 17.37089 19.71831 40.16064 18.75000 19.80676 34.87395 15.86538 15.93407 21.78771 19.78022 30.16529 18.66029 16.38418 18.44660 19.32367 17.30769 15.21739 14.83516 16.75978 18.33333 17.22488 18.43575 31.16883 30.59361 30.73593 30.73593 18.91892 20.54054 16.54135 17.29323 21.08108 15.78947 18.91892 18.91892 19.77401 19.40299 18.53659 18.71921 30.15873 20.09569 19.44444 17.04545 18.84058 19.75309 20.89552 22.22222 72.37354 63.38583 20.77295 18.07910 39.02439 19.80676 78.51562 36.99187 18.35749 18.78453 16.34615 21.25604 15.08380 20.67308 16.11111 21.91011 14.91713 17.70335 30.86420 33.33333 22.58065 19.45946 17.30769 18.43575 32.64463 15.78947 21.11111 56.29921 100.00000 
                  Tobacco_rattle_virus_sp|P05080.2 33.87755 18.99441 16.90821 14.20765 22.16749 22.62443 19.13876 19.61722 48.60558 20.58824 19.21182 31.40496 16.42512 18.23204 23.59551 20.44199 32.51029 16.34615 16.38418 18.44660 20.28986 18.84058 17.48634 18.18182 21.38728 20.68966 21.63462 22.54335 29.66102 28.82883 32.05128 32.05128 20.10870 20.65217 20.30075 20.30075 21.73913 20.30075 19.56522 21.73913 20.68966 18.90547 17.82178 19.00000 26.92308 21.73913 20.67039 21.14286 18.22660 24.22360 21.42857 19.80676 37.39837 34.00000 20.28986 19.31818 69.26070 19.70443 39.02439 64.98054 17.87440 15.00000 17.39130 21.67488 15.16854 20.58824 17.87709 20.90395 15.00000 18.18182 32.78689 30.64516 21.19565 20.21858 20.67308 18.49711 32.51029 15.38462 17.41573 34.69388 39.02439 100.00000 
            Turnip_vein-clearing_virus_sp|Q88920.1 33.33333 18.43575 16.90821 17.39130 18.53659 21.71946 17.06161 19.90521 36.29032 21.35922 20.00000 34.45378 17.39130 14.28571 19.10112 19.88950 29.75207 17.78846 14.68927 21.84466 19.80676 18.84058 17.39130 15.00000 16.94915 20.22472 18.26923 18.07910 31.44105 29.03226 27.07424 27.07424 17.39130 17.39130 16.03053 16.79389 17.39130 16.03053 16.84783 15.76087 17.61364 21.50000 21.56863 21.89055 33.87097 20.09569 17.31844 16.47727 18.04878 19.13580 20.00000 24.15459 67.32283 68.50394 21.73913 16.38418 36.47541 19.02439 64.96063 38.11475 19.80676 16.57459 17.87440 21.95122 12.84916 17.96117 18.43575 20.90395 14.91713 17.78846 32.51029 34.71074 20.65217 16.93989 17.87440 15.81921 31.40496 16.82692 21.22905 53.54331 68.11024 36.88525 100.00000 
              Turnip_yellow_mosaic_virus_sp|O56254 20.19704 16.76301 24.00000 17.04545 19.07216 18.60465 18.59296 22.11055 22.43902 17.43590 17.52577 20.38835 25.33333 14.20455 14.03509 20.45455 18.50000 26.22222 14.03509 59.13043 61.03896 26.66667 15.90909 21.85792 21.11111 20.44199 27.55556 22.77778 18.09045 18.88889 16.66667 16.66667 12.42938 14.12429 24.26471 24.26471 14.12429 24.26471 12.42938 12.42938 12.57143 28.20513 29.57746 28.57143 26.98413 60.68376 20.68966 17.04545 16.92308 21.93548 19.40299 57.14286 20.28986 22.59615 55.41126 15.78947 20.48780 16.92308 20.28986 18.04878 53.47826 17.71429 28.00000 19.58763 13.52941 17.43590 16.66667 20.11494 18.39080 26.10619 20.68966 19.80676 18.53933 16.38418 25.00000 20.55556 19.50000 25.33333 17.44186 18.26923 20.28986 19.51220 20.28986 100.00000 
             White_clover_mosaic_virus_sp|P15403.1 16.57754 31.41361 15.16854 26.53061 22.16216 16.04278 20.43011 20.96774 18.81720 20.43011 20.54054 21.31148 16.29213 28.57143 33.33333 35.38462 16.84783 17.97753 33.15789 19.20904 18.53933 17.97753 25.12821 24.85876 25.14286 26.85714 19.66292 24.00000 17.81609 18.35443 18.39080 18.39080 33.88889 33.88889 20.00000 20.00000 33.88889 20.00000 33.88889 33.33333 31.74603 20.12579 17.91908 19.52663 24.37500 19.66292 30.20833 37.89474 23.36957 30.92105 21.66667 16.29213 21.39037 18.81720 18.53933 33.67876 16.84783 23.24324 21.50538 14.67391 18.53933 30.25641 18.53933 23.78378 26.63043 23.65591 27.97927 32.98429 27.69231 19.10112 17.64706 17.83784 26.39594 25.00000 16.85393 26.43678 16.84783 19.66292 34.37500 19.89247 20.85561 17.93478 18.81720 15.42857 100.00000 
                                     ds2015-149_10 23.93162 24.13793 29.68750 15.90909 19.81132 18.03279 20.18349 18.34862 22.03390 18.69159 20.75472 15.25424 28.90625 20.45455 22.35294 25.00000 21.92982 28.90625 21.42857 58.13953 58.91473 32.03125 16.85393 23.33333 27.58621 28.40909 31.78295 29.88506 20.83333 18.51852 20.00000 20.00000 18.68132 19.78022 27.77778 27.77778 18.68132 27.77778 18.68132 17.58242 20.45455 30.64516 32.00000 34.67742 30.76923 55.81395 29.88506 21.83908 19.62617 25.92593 22.42991 65.89147 20.16807 21.84874 55.03876 23.25581 20.16807 18.69159 18.48739 18.48739 50.38760 25.28736 28.12500 19.81132 16.86747 19.62617 26.43678 26.43678 19.76744 29.68750 19.65812 23.52941 22.22222 17.97753 31.25000 28.73563 23.68421 27.90698 25.00000 17.64706 18.48739 19.32773 21.00840 59.68992 21.59091 100.00000 
                                      ds2016-132_0 18.75000 23.40426 22.22222 16.84211 17.39130 21.53846 20.33898 19.49153 19.08397 19.82759 17.39130 19.23077 19.25926 21.05263 23.91304 22.91667 18.40000 25.92593 23.91304 24.26471 26.47059 21.48148 18.75000 23.00000 22.68041 25.51020 25.18519 24.74227 14.72868 14.87603 15.50388 15.50388 19.58763 19.58763 100.00000 97.40260 19.58763 96.10390 19.58763 18.55670 17.89474 33.33333 36.36364 32.57576 24.32432 25.00000 18.94737 15.21739 20.68966 17.77778 18.26087 23.52941 17.29323 15.26718 26.47059 25.80645 19.54887 20.68966 18.79699 18.79699 21.32353 15.95745 22.96296 21.73913 21.34831 19.82759 24.21053 23.65591 24.73118 25.92593 21.09375 20.15504 21.42857 19.58763 25.37313 21.64948 19.20000 22.22222 20.87912 19.08397 16.54135 20.30075 16.03053 24.26471 20.00000 27.77778 100.00000 
                                      ds2016-132_1 17.93478 43.57542 14.83516 34.61538 26.81564 20.74468 22.52747 19.78022 18.27957 23.88889 24.02235 15.38462 15.93407 32.59669 40.00000 41.53005 18.68132 14.83516 23.12139 15.16854 16.75978 17.58242 33.33333 34.10405 34.11765 30.40936 14.83516 33.52941 15.25424 16.98113 18.07910 18.07910 83.75635 97.46193 19.58763 19.58763 91.37056 19.58763 83.75635 85.27919 83.51648 17.57576 18.28571 16.37427 26.45161 15.08380 36.81319 36.26374 26.81564 22.44898 21.83908 13.96648 17.29730 16.84783 15.08380 36.87151 20.65217 27.77778 18.91892 18.47826 13.40782 33.14917 17.58242 26.25698 22.22222 25.00000 36.26374 37.91209 31.11111 19.23077 19.02174 16.93989 37.70492 34.61538 14.28571 32.35294 17.58242 18.13187 30.11364 18.91892 19.45946 19.56522 16.30435 14.68927 32.22222 19.78022 19.58763 100.00000 
                                      ds2016-132_2 22.11538 25.00000 26.66667 18.07229 22.34043 22.33010 21.64948 20.61856 21.69811 20.00000 19.14894 21.90476 20.95238 21.68675 26.25000 24.09639 20.79208 31.42857 25.31646 27.35849 28.30189 25.71429 20.23810 23.86364 23.52941 26.74419 29.52381 25.88235 14.70588 14.13043 16.66667 16.66667 21.17647 21.17647 94.30894 92.68293 21.17647 95.12195 21.17647 20.00000 19.27711 34.00000 36.89320 34.61538 29.06977 27.35849 19.51220 16.25000 24.21053 21.12676 18.94737 26.41509 19.81132 17.30769 30.18868 27.16049 21.69811 24.21053 21.69811 20.75472 24.52830 15.85366 25.71429 24.46809 21.79487 20.00000 24.39024 25.00000 25.92593 29.52381 23.07692 24.00000 21.68675 20.73171 27.61905 22.35294 22.77228 23.80952 21.79487 23.07692 18.86792 22.64151 18.26923 25.47170 20.73171 30.92784 94.30894 21.17647 100.00000 
                                      ds2016-132_3 17.68293 43.03797 13.75000 35.40373 24.68354 16.86747 21.25000 19.37500 15.06024 22.15190 21.01911 14.81481 12.50000 33.12500 42.76730 38.88889 17.90123 11.25000 24.34211 12.82051 13.37580 14.37500 30.86420 32.67974 29.33333 25.82781 13.75000 31.33333 14.28571 17.61006 16.14907 16.14907 95.42857 85.71429 16.00000 16.00000 88.57143 16.00000 100.00000 85.14286 83.12500 15.64626 15.03268 15.43624 23.13433 12.73885 31.05590 36.02484 26.58228 23.01587 19.07895 10.82803 13.33333 13.41463 12.10191 36.07595 17.07317 26.58228 15.15152 15.85366 12.73885 32.50000 13.75000 24.05063 24.00000 20.88608 34.78261 34.78261 27.67296 16.87500 17.07317 17.17791 32.09877 30.43478 12.50000 30.66667 17.28395 15.62500 29.67742 17.57576 15.75758 17.07317 13.41463 10.32258 32.07547 14.47368 16.00000 82.85714 17.46032 100.00000 
                                      ds2016-132_6 16.76301 41.66667 18.12865 33.91813 25.00000 17.51412 19.88304 18.12865 15.42857 21.89349 24.40476 14.61988 16.95906 32.35294 40.82840 42.44186 18.12865 15.78947 24.69136 12.57485 13.69048 17.54386 33.72093 35.18519 34.59119 29.37500 16.95906 33.96226 14.97006 16.77852 18.56287 18.56287 83.87097 87.09677 18.55670 18.55670 88.17204 18.55670 84.40860 99.46237 94.15205 15.48387 15.85366 16.25000 24.30556 13.69048 36.25731 37.42690 22.61905 24.26471 17.79141 12.50000 16.66667 15.02890 14.28571 39.88095 20.23121 26.03550 19.54023 18.49711 12.50000 32.35294 19.29825 23.80952 26.87500 23.07692 38.59649 37.42690 31.36095 20.46784 19.07514 16.27907 34.30233 33.91813 16.37427 34.59119 16.95906 18.71345 28.48485 20.11494 18.39080 20.80925 15.02890 10.84337 32.54438 17.58242 18.55670 84.94624 20.00000 84.14634 100.00000 
                                      ds2016-132_9 19.53125 23.40426 22.22222 16.84211 19.13043 20.76923 21.18644 20.33898 19.08397 19.82759 17.39130 19.23077 18.51852 21.05263 23.91304 22.91667 18.40000 25.92593 23.91304 23.52941 26.47059 20.74074 18.75000 23.00000 22.68041 25.51020 25.18519 24.74227 14.72868 14.04959 14.72868 14.72868 19.58763 19.58763 95.45455 94.80519 19.58763 98.70130 19.58763 18.55670 17.89474 33.33333 36.36364 32.57576 23.42342 25.00000 18.94737 15.21739 21.55172 17.77778 18.26087 23.52941 17.29323 15.26718 25.73529 25.80645 20.30075 21.55172 18.04511 18.79699 20.58824 15.95745 22.22222 21.73913 21.34831 18.96552 24.21053 23.65591 24.73118 25.92593 21.09375 20.15504 20.40816 19.58763 25.37313 21.64948 20.00000 22.22222 20.87912 18.32061 15.78947 20.30075 16.03053 24.26471 20.00000 27.77778 95.45455 19.58763 95.93496 16.00000 18.55670 100.00000 
                                      ds2016-133_0 19.53125 23.40426 21.48148 16.84211 16.52174 21.53846 19.49153 20.33898 19.84733 18.96552 16.52174 19.23077 20.00000 21.05263 23.91304 22.91667 17.60000 25.18519 23.91304 23.52941 26.47059 20.74074 18.75000 23.00000 22.68041 25.51020 24.44444 24.74227 14.72868 15.70248 15.50388 15.50388 19.58763 19.58763 96.75325 99.35065 19.58763 94.15584 19.58763 18.55670 17.89474 31.78295 34.84848 31.81818 23.42342 25.73529 18.94737 15.21739 20.68966 17.77778 18.26087 23.52941 18.79699 16.79389 25.73529 25.80645 20.30075 19.82759 18.79699 19.54887 20.58824 17.02128 22.96296 20.00000 21.34831 18.96552 24.21053 23.65591 24.73118 25.18519 20.31250 19.37984 20.40816 19.58763 26.11940 21.64948 20.00000 22.22222 20.87912 17.55725 16.54135 20.30075 16.03053 24.26471 20.00000 27.77778 96.75325 19.58763 91.86992 16.00000 18.55670 94.80519 100.00000 
                                      ds2016-133_1 18.47826 44.13408 17.58242 36.26374 26.81564 20.21277 23.07692 20.87912 16.66667 25.55556 24.02235 16.48352 15.38462 33.70166 43.88889 41.53005 18.68132 13.73626 26.01156 13.48315 14.52514 16.48352 33.33333 35.26012 32.94118 30.40936 15.38462 34.11765 14.12429 16.35220 17.51412 17.51412 92.89340 86.80203 19.58763 19.58763 87.81726 19.58763 94.92386 86.80203 84.06593 16.36364 16.00000 16.95906 25.16129 13.40782 37.36264 38.46154 27.37430 24.48980 22.98851 13.40782 15.13514 15.21739 14.52514 39.66480 20.10870 27.77778 16.75676 19.02174 13.96648 33.70166 17.03297 26.25698 25.73099 23.88889 39.56044 39.56044 31.11111 19.78022 17.93478 17.48634 34.42623 32.96703 14.28571 34.11765 18.68132 17.58242 31.25000 18.37838 17.29730 20.65217 15.21739 12.99435 33.88889 18.68132 19.58763 84.26396 21.17647 94.85714 86.02151 19.58763 19.58763 100.00000 
                                     ds2016-133_14 19.79167 49.46237 18.81188 40.86022 20.65217 20.00000 20.21277 18.08511 17.34694 23.65591 25.00000 15.46392 19.80198 35.48387 46.23656 44.21053 19.14894 19.80198 29.88506 13.00000 15.00000 21.78218 37.23404 36.17021 40.65934 36.95652 18.81188 41.75824 14.28571 14.47368 18.68132 18.68132 87.25490 91.17647 19.58763 19.58763 95.09804 19.58763 89.21569 90.19608 85.41667 14.89362 16.00000 13.13131 25.28736 16.00000 41.05263 39.78495 22.82609 27.50000 21.05263 16.00000 20.61856 16.66667 17.00000 42.55319 20.61856 22.58065 20.61856 20.61856 15.00000 40.86022 19.80198 20.65217 29.41176 23.65591 43.15789 45.26316 36.95652 24.75248 18.75000 17.89474 40.00000 38.29787 17.82178 36.26374 20.21277 20.79208 29.88506 20.83333 20.61856 21.64948 17.70833 14.00000 38.04348 17.77778 19.58763 88.23529 21.17647 88.75000 89.21569 19.58763 19.58763 88.23529 100.00000 
                                      ds2016-133_2 19.53125 23.40426 22.22222 16.84211 18.26087 20.76923 21.18644 20.33898 19.08397 19.82759 17.39130 19.23077 19.25926 21.05263 23.91304 22.91667 18.40000 25.92593 23.91304 24.26471 25.73529 21.48148 18.75000 23.00000 22.68041 25.51020 25.18519 24.74227 14.72868 14.87603 16.27907 16.27907 19.58763 19.58763 94.80519 93.50649 19.58763 94.80519 19.58763 18.55670 17.89474 33.33333 37.12121 32.57576 24.32432 24.26471 18.94737 15.21739 21.55172 17.77778 18.26087 23.52941 17.29323 15.26718 25.73529 25.80645 19.54887 21.55172 18.79699 18.04511 21.32353 15.95745 22.96296 21.73913 21.34831 19.82759 24.21053 23.65591 24.73118 25.92593 21.09375 20.15504 20.40816 19.58763 25.37313 21.64948 20.00000 22.22222 20.87912 19.08397 16.54135 20.30075 16.03053 23.52941 20.00000 27.77778 94.80519 19.58763 99.18699 16.00000 18.55670 95.45455 92.85714 19.58763 19.58763 100.00000 
                                     ds2016-133_21 20.33898 41.22807 14.41441 32.77311 29.31034 19.49153 26.49573 23.93162 16.94915 27.58621 26.72414 19.13043 16.21622 33.89831 41.02564 37.28814 20.33898 11.71171 23.68421 15.74074 16.51376 14.41441 27.73109 34.57944 31.77570 28.03738 13.51351 32.71028 14.91228 19.46903 18.42105 18.42105 98.40000 85.60000 20.00000 20.00000 89.60000 20.00000 97.60000 84.80000 83.62069 19.80198 18.09524 19.80198 25.51020 13.76147 35.89744 38.65546 31.89655 22.58065 23.85321 11.00917 15.25424 15.25424 14.67890 36.52174 19.65812 31.89655 17.79661 18.80342 15.59633 29.66102 17.11712 25.86207 21.92982 25.00000 33.33333 37.60684 26.27119 17.11712 20.33898 19.49153 32.20339 29.05983 11.71171 32.71028 19.49153 16.21622 32.77311 19.32773 17.79661 18.80342 15.25424 12.14953 30.50847 21.42857 20.00000 83.20000 30.76923 97.60000 84.21053 20.00000 20.00000 94.40000 86.66667 20.00000 100.00000 
                                      ds2016-133_6 22.11538 23.75000 26.66667 18.07229 23.40426 22.33010 21.64948 20.61856 20.75472 20.00000 20.21277 21.90476 20.95238 21.68675 25.00000 24.09639 20.79208 31.42857 24.05063 26.41509 28.30189 25.71429 20.23810 23.86364 23.52941 26.74419 29.52381 25.88235 14.70588 16.30435 15.68627 15.68627 21.17647 21.17647 93.49593 91.86992 21.17647 95.12195 21.17647 20.00000 19.27711 35.00000 36.89320 34.61538 27.90698 28.30189 19.51220 16.25000 24.21053 21.12676 18.94737 25.47170 20.75472 18.26923 28.30189 25.92593 21.69811 24.21053 20.75472 20.75472 23.58491 15.85366 25.71429 24.46809 21.79487 20.00000 24.39024 25.00000 25.92593 29.52381 23.07692 23.00000 21.68675 20.73171 27.61905 22.35294 23.76238 23.80952 20.51282 22.11538 17.92453 22.64151 17.30769 25.47170 20.73171 30.92784 93.49593 21.17647 97.56098 17.46032 20.00000 95.93496 92.68293 21.17647 21.17647 96.74797 30.76923 100.00000 
                                      ds2016-133_8 16.31206 40.71429 16.54676 31.20567 20.28986 17.00680 22.14286 20.00000 14.68531 24.46043 22.46377 12.85714 15.82734 30.71429 42.85714 42.95775 15.10791 15.10791 25.00000 11.76471 13.23529 16.54676 30.28169 33.08271 33.07692 32.06107 15.82734 33.07692 13.23529 16.10169 16.91176 16.91176 94.15584 80.51948 20.61856 20.61856 85.06494 20.61856 90.90909 81.16883 79.28571 17.88618 15.78947 14.72868 21.42857 11.02941 35.21127 34.28571 23.18841 24.29907 19.54887 11.76471 14.78873 14.89362 11.02941 39.28571 20.42254 23.74101 16.19718 19.71831 9.55882 32.85714 14.38849 21.01449 25.58140 23.74101 39.43662 38.02817 30.93525 20.14388 14.89362 18.57143 35.91549 33.33333 13.66906 31.53846 15.10791 16.54676 30.37037 19.71831 14.78873 19.71831 16.31206 11.19403 31.65468 19.78022 20.61856 79.87013 21.17647 90.15152 80.51948 20.61856 20.61856 88.31169 82.35294 20.61856 90.24390 21.17647 100.00000 
                                      ds2016-55_13 34.25414 17.69231 16.33987 9.70149 22.22222 20.12195 19.10828 19.74522 33.69565 21.56863 21.71053 34.05405 13.07190 15.15152 17.82946 18.18182 34.83146 12.41830 14.40000 15.54054 18.12081 18.30065 12.50000 17.18750 16.40625 18.75000 16.33987 17.18750 49.24623 32.81250 98.99497 98.99497 17.91045 19.40299 18.30986 18.30986 19.40299 18.30986 17.16418 20.89552 20.00000 17.33333 16.77852 19.72789 32.14286 17.44966 17.69231 19.37984 20.26144 15.83333 22.06897 18.79195 31.28492 29.83425 21.47651 18.89764 35.71429 25.49020 34.07821 34.06593 14.86486 18.32061 15.03268 19.60784 13.63636 20.91503 18.46154 20.15504 12.21374 16.33987 33.88889 32.97297 17.16418 14.28571 13.15789 17.18750 34.26966 13.07190 20.00000 36.51685 32.96089 35.16484 28.81356 18.36735 20.14925 22.22222 18.30986 18.65672 20.45455 17.16418 19.35484 16.90141 18.30986 17.16418 20.83333 18.30986 18.42105 20.45455 17.20430 100.00000 
                                      ds2016-55_37 21.00000 36.73469 11.82796 32.67327 32.32323 20.00000 24.00000 21.00000 19.00000 24.24242 25.25253 18.55670 10.75269 31.00000 34.34343 39.00000 23.00000 10.75269 19.38776 15.55556 16.48352 12.90323 27.72277 32.22222 28.88889 24.44444 11.82796 27.77778 19.79167 21.05263 19.79167 19.79167 86.91589 92.52336 14.28571 14.28571 100.00000 14.28571 85.98131 84.11215 84.69388 18.07229 18.39080 20.23810 27.50000 14.28571 35.35354 34.65347 28.28283 18.66667 20.87912 12.08791 16.00000 17.00000 15.38462 35.05155 21.21212 31.31313 19.00000 19.19192 13.18681 27.00000 16.12903 28.28283 18.75000 25.25253 31.31313 35.35354 23.00000 12.90323 24.00000 20.00000 37.00000 35.00000 13.97849 27.77778 18.00000 13.97849 30.69307 19.80198 22.00000 21.21212 18.00000 13.48315 29.00000 20.00000 14.28571 89.71963 0.00000 85.98131 84.37500 14.28571 14.28571 85.04673 75.00000 14.28571 87.85047 0.00000 81.25000 19.79167 100.00000 
                                      ds2016-55_40 22.22222 25.97403 27.00000 17.94872 22.22222 23.46939 22.58065 21.50538 22.77228 20.87912 20.00000 22.00000 21.00000 23.07692 28.00000 24.35897 20.83333 31.00000 26.31579 26.73267 27.72277 27.00000 21.51899 23.80952 24.69136 26.82927 30.00000 27.16049 15.46392 13.79310 17.52577 17.52577 22.50000 22.50000 94.91525 93.22034 22.50000 95.76271 22.50000 21.25000 20.51282 32.63158 34.69388 34.34343 30.86420 26.73267 20.77922 17.33333 25.27473 22.72727 20.00000 25.74257 19.80198 18.18182 29.70297 28.94737 21.78218 25.27473 21.78218 20.79208 23.76238 16.88312 25.00000 25.55556 23.28767 20.87912 24.67532 22.66667 26.31579 29.00000 23.23232 25.26316 23.07692 22.07792 27.00000 23.45679 22.91667 24.00000 21.91781 24.24242 18.81188 23.76238 19.19192 24.75248 20.77922 30.43478 94.91525 22.50000 99.15254 18.96552 21.25000 96.61017 92.37288 22.50000 22.50000 100.00000 50.00000 96.61017 22.50000 23.07692 0.00000 100.00000 
                                       ds2016-56_0 31.89655 18.34320 16.66667 14.94253 22.51309 18.39623 18.68687 18.18182 32.48945 22.91667 22.51309 33.19328 14.70588 16.86047 17.85714 17.44186 32.89474 11.70732 16.36364 16.08040 17.50000 17.64706 14.85714 19.16168 17.68293 20.00000 16.58537 18.29268 48.07692 31.62393 100.00000 100.00000 17.51412 18.64407 15.50388 15.50388 19.20904 14.72868 16.94915 19.77401 19.39394 16.16162 15.50000 18.68687 28.73563 18.00000 18.23529 19.87952 20.94241 13.81579 20.85561 17.50000 28.13853 26.60944 19.00000 18.07229 32.90598 25.13089 30.73593 30.76923 16.00000 18.71345 15.19608 21.98953 14.97006 22.39583 18.23529 20.23810 14.11765 15.60976 31.16883 31.19658 17.24138 15.02890 14.21569 18.90244 33.33333 15.12195 17.26190 34.34783 30.73593 32.05128 27.07424 16.66667 18.39080 20.00000 15.50388 18.07910 16.66667 16.14907 18.56287 14.72868 15.50388 17.51412 18.68132 16.27907 18.42105 15.68627 16.91176 98.99497 19.79167 17.52577 100.00000 
                                      ds2016-56_30 19.83471 17.04545 25.00000 19.10112 20.00000 21.48760 17.69912 21.23894 18.18182 22.52252 23.63636 25.83333 28.90625 19.10112 20.93023 18.88889 17.79661 28.12500 25.88235 34.37500 34.37500 25.00000 17.77778 23.33333 21.83908 20.45455 32.81250 25.28736 14.28571 18.86792 17.64706 17.64706 16.30435 16.30435 34.88372 34.88372 16.30435 34.88372 15.21739 16.30435 14.60674 93.98496 82.81250 53.54331 28.97196 32.03125 20.22472 22.98851 23.42342 27.38095 21.62162 30.46875 20.32520 19.67213 30.46875 22.98851 21.13821 20.72072 20.32520 17.07317 28.34646 23.86364 28.12500 20.00000 19.54023 21.62162 23.59551 21.59091 19.54023 29.68750 18.18182 21.60000 17.39130 15.38462 29.92126 21.83908 19.49153 27.34375 22.61905 17.21311 19.51220 19.51220 19.67213 30.46875 23.59551 30.08130 34.88372 16.30435 34.00000 12.16216 16.30435 34.88372 34.88372 14.13043 16.48352 35.65891 21.42857 35.00000 16.30435 21.12676 10.00000 32.63158 17.64706 100.00000 
                                      ds2016-56_81 20.00000 25.35211 27.08333 17.56757 23.52941 22.34043 20.45455 19.31818 21.64948 19.76744 20.00000 20.83333 20.83333 21.62162 25.35211 24.32432 20.65217 32.29167 23.61111 26.80412 28.86598 26.04167 21.33333 23.75000 23.37662 25.64103 30.20833 25.97403 15.15152 15.55556 16.16162 16.16162 21.05263 21.05263 93.85965 92.10526 21.05263 95.61404 21.05263 21.05263 20.27027 33.68421 38.29787 34.73684 29.87013 28.86598 19.17808 14.08451 24.41860 22.58065 18.60465 26.80412 19.58763 16.84211 29.89691 27.77778 21.64948 24.41860 19.58763 20.61856 23.71134 15.06849 26.04167 23.52941 20.28986 19.76744 24.65753 23.94366 25.00000 30.20833 22.10526 23.07692 18.91892 17.80822 29.16667 23.37662 22.82609 23.95833 21.73913 21.05263 17.52577 22.68041 16.84211 25.77320 19.17808 30.52632 93.85965 21.05263 98.24561 18.03279 21.05263 96.49123 92.98246 21.05263 21.05263 97.36842 36.36364 99.12281 21.05263 21.42857 0.00000 97.29730 16.16162 33.68421 100.00000 
                                      ds2016-57_13 22.11538 25.00000 26.66667 18.07229 22.34043 22.33010 21.64948 20.61856 21.69811 20.00000 19.14894 21.90476 20.95238 21.68675 26.25000 24.09639 20.79208 31.42857 25.31646 27.35849 28.30189 25.71429 20.23810 23.86364 23.52941 26.74419 29.52381 25.88235 14.70588 14.13043 16.66667 16.66667 21.17647 21.17647 94.30894 92.68293 21.17647 95.12195 21.17647 20.00000 19.27711 34.00000 36.89320 34.61538 29.06977 27.35849 19.51220 16.25000 24.21053 21.12676 18.94737 26.41509 19.81132 17.30769 30.18868 27.16049 21.69811 24.21053 21.69811 20.75472 24.52830 15.85366 25.71429 24.46809 21.79487 20.00000 24.39024 25.00000 25.92593 29.52381 23.07692 24.00000 21.68675 20.73171 27.61905 22.35294 22.77228 23.80952 21.79487 23.07692 18.86792 22.64151 18.26923 25.47170 20.73171 30.92784 94.30894 21.17647 100.00000 17.46032 20.00000 95.93496 91.86992 21.17647 21.17647 99.18699 30.76923 97.56098 21.17647 20.45455 0.00000 99.15254 16.66667 34.00000 98.24561 100.00000 
                                      ds2016-57_20 22.54902 25.64103 26.21359 18.51852 18.47826 23.76238 21.05263 22.10526 23.07692 18.27957 17.39130 22.33010 22.33010 22.22222 25.64103 24.69136 19.19192 31.06796 24.05063 25.96154 26.92308 25.24272 20.73171 24.13793 25.00000 27.05882 29.12621 26.19048 14.00000 16.66667 15.00000 15.00000 21.68675 21.68675 95.86777 97.52066 21.68675 92.56198 21.68675 20.48193 19.75309 29.59184 32.67327 33.33333 28.57143 25.96154 20.00000 16.66667 21.50538 21.73913 19.35484 25.00000 21.15385 18.62745 28.84615 27.84810 23.07692 21.50538 23.07692 23.07692 23.07692 17.50000 26.21359 21.73913 23.68421 19.35484 25.00000 24.35897 25.31646 29.12621 21.56863 23.46939 23.45679 22.50000 29.12621 22.61905 22.22222 24.27184 21.05263 22.54902 20.19231 23.07692 19.60784 24.03846 20.00000 29.47368 95.86777 21.68675 90.90909 18.03279 20.48193 91.73554 96.69421 21.68675 21.68675 91.73554 36.36364 90.08264 21.68675 19.04762 0.00000 91.52542 15.00000 31.63265 90.35088 90.90909 100.00000 
                                      ds2016-58_10 22.11538 25.00000 26.66667 18.07229 22.34043 22.33010 21.64948 20.61856 21.69811 20.00000 19.14894 21.90476 20.95238 21.68675 26.25000 24.09639 20.79208 31.42857 25.31646 27.35849 28.30189 25.71429 20.23810 23.86364 23.52941 26.74419 29.52381 25.88235 14.70588 14.13043 16.66667 16.66667 21.17647 21.17647 94.30894 92.68293 21.17647 95.12195 21.17647 20.00000 19.27711 34.00000 36.89320 34.61538 29.06977 27.35849 19.51220 16.25000 24.21053 21.12676 18.94737 26.41509 19.81132 17.30769 30.18868 27.16049 21.69811 24.21053 21.69811 20.75472 24.52830 15.85366 25.71429 24.46809 21.79487 20.00000 24.39024 25.00000 25.92593 29.52381 23.07692 24.00000 21.68675 20.73171 27.61905 22.35294 22.77228 23.80952 21.79487 23.07692 18.86792 22.64151 18.26923 25.47170 20.73171 30.92784 94.30894 21.17647 100.00000 17.46032 20.00000 95.93496 91.86992 21.17647 21.17647 99.18699 30.76923 97.56098 21.17647 20.45455 0.00000 99.15254 16.66667 34.00000 98.24561 100.00000 90.90909 100.00000 
                                       ds2016-58_4 19.02174 44.13408 16.48352 36.26374 26.25698 20.21277 23.07692 20.87912 16.66667 25.55556 24.02235 16.48352 15.93407 34.25414 43.88889 40.98361 18.13187 14.28571 26.01156 14.04494 14.52514 17.03297 32.24044 35.26012 32.35294 30.40936 16.48352 34.11765 14.68927 17.61006 16.38418 16.38418 94.41624 86.29442 19.58763 19.58763 87.81726 19.58763 98.98477 84.26396 82.41758 16.36364 15.42857 16.37427 25.16129 12.84916 35.71429 37.91209 27.37430 24.48980 21.83908 13.40782 15.67568 16.30435 14.52514 39.66480 19.56522 28.33333 17.29730 19.02174 13.96648 34.25414 17.03297 25.13966 25.73099 23.88889 38.46154 38.46154 30.00000 20.32967 17.39130 18.57923 34.42623 32.41758 14.83516 34.11765 18.13187 18.68132 31.81818 18.91892 18.37838 19.56522 16.30435 12.99435 33.88889 19.78022 19.58763 83.75635 21.17647 98.85714 83.33333 19.58763 19.58763 94.92386 87.25490 19.58763 96.80000 21.17647 89.61039 16.41791 85.98131 22.50000 16.38418 14.13043 21.05263 21.17647 21.68675 21.17647 100.00000 
                                      ds2016-58_43 34.63687 17.82946 16.44737 9.77444 22.36842 20.24540 19.23077 19.87179 34.25414 21.71053 21.85430 34.42623 13.15789 15.26718 17.96875 18.46154 35.22727 12.50000 14.40000 15.54054 18.12081 18.42105 12.59259 17.46032 16.66667 19.04762 16.44737 17.46032 50.25641 32.97872 100.00000 100.00000 18.04511 19.54887 19.11765 19.11765 19.54887 17.64706 17.29323 21.05263 20.16129 17.44966 16.89189 20.00000 32.60870 17.44966 17.96875 19.37984 20.39474 14.40678 22.22222 18.79195 31.42857 30.16760 21.47651 19.04762 35.95506 25.65789 34.28571 34.26966 14.86486 17.69231 15.13158 19.73684 13.74046 21.05263 18.75000 20.31250 12.30769 16.44737 34.26966 33.51648 17.42424 14.50382 13.24503 17.46032 34.65909 13.15789 20.15504 36.36364 33.71429 35.39326 29.14286 18.36735 20.30075 22.22222 19.11765 18.79699 21.95122 17.29323 19.51220 17.64706 19.11765 17.29323 21.27660 19.11765 18.42105 21.95122 17.39130 100.00000 19.79167 25.00000 100.00000 21.42857 23.07692 21.95122 20.51282 21.95122 16.54135 100.00000 
                                       ds2016-58_5 19.53125 23.40426 22.22222 16.84211 19.13043 20.76923 21.18644 20.33898 19.08397 19.82759 17.39130 19.23077 18.51852 21.05263 23.91304 22.91667 18.40000 25.92593 23.91304 23.52941 26.47059 20.74074 18.75000 23.00000 22.68041 25.51020 25.18519 24.74227 14.72868 14.04959 14.72868 14.72868 19.58763 19.58763 95.45455 94.80519 19.58763 98.70130 19.58763 18.55670 17.89474 33.33333 36.36364 32.57576 23.42342 25.00000 18.94737 15.21739 21.55172 17.77778 18.26087 23.52941 17.29323 15.26718 25.73529 25.80645 20.30075 21.55172 18.04511 18.79699 20.58824 15.95745 22.22222 21.73913 21.34831 18.96552 24.21053 23.65591 24.73118 25.92593 21.09375 20.15504 20.40816 19.58763 25.37313 21.64948 20.00000 22.22222 20.87912 18.32061 15.78947 20.30075 16.03053 24.26471 20.00000 27.77778 95.45455 19.58763 95.93496 16.00000 18.55670 100.00000 94.80519 19.58763 19.58763 95.45455 20.00000 95.93496 20.61856 16.90141 14.28571 96.61017 14.72868 34.88372 96.49123 95.93496 91.73554 95.93496 19.58763 17.64706 100.00000 
                                      ds2016-58_52 31.05590 10.90909 16.54135 12.28070 16.54135 13.88889 17.51825 19.70803 30.67485 19.54887 21.21212 28.40237 16.54135 10.71429 13.51351 15.31532 32.27848 12.03008 14.67890 18.46154 21.37405 14.28571 12.06897 16.82243 18.69159 14.95327 17.29323 15.88785 88.39779 34.11765 49.43182 49.43182 14.03509 14.91228 19.04762 19.04762 15.78947 19.04762 14.03509 15.78947 15.23810 16.92308 16.27907 20.63492 33.61345 18.32061 13.76147 14.41441 16.54135 14.14141 20.00000 22.90076 33.97436 33.33333 22.13740 17.59259 32.29814 21.80451 34.61538 31.67702 17.69231 18.91892 14.28571 18.04511 9.73451 17.29323 15.59633 13.76147 13.51351 15.67164 31.87500 29.09091 14.15929 13.39286 13.63636 17.75701 34.17722 12.78195 18.75000 36.94268 35.25641 31.05590 36.53846 19.37984 17.24138 26.86567 19.04762 14.03509 22.22222 14.03509 15.78947 19.04762 19.04762 14.03509 19.04762 19.04762 14.00000 22.22222 13.79310 49.43182 15.85366 25.80645 49.43182 20.00000 23.52941 22.22222 20.58824 22.22222 14.03509 49.43182 19.04762 100.00000 
                                      ds2016-58_62 18.65672 43.07692 15.74803 32.08955 28.03030 18.65672 23.30827 21.80451 17.16418 23.48485 25.19084 18.32061 14.96063 30.82707 42.10526 41.79104 20.14925 11.81102 24.21875 14.51613 15.20000 15.74803 30.59701 35.77236 33.33333 28.45528 14.17323 33.33333 15.38462 20.93023 20.76923 20.76923 83.68794 85.10638 21.95122 21.95122 85.81560 21.95122 85.10638 100.00000 93.93939 18.80342 18.18182 20.51282 26.54867 13.60000 33.83459 36.29630 30.30303 25.68807 21.60000 12.80000 16.41791 17.16418 14.40000 37.40458 21.05263 31.06061 19.40299 19.54887 14.40000 29.32331 16.53543 27.27273 25.00000 23.48485 34.58647 33.08271 27.81955 15.74803 19.40299 19.40299 30.59701 30.07519 13.38583 34.14634 18.65672 15.74803 30.07519 21.48148 17.91045 20.30075 15.67164 12.19512 32.08955 18.60465 21.95122 82.26950 27.58621 85.10638 100.00000 21.95122 21.95122 87.23404 82.60870 21.95122 84.80000 27.58621 77.55102 20.76923 84.11215 33.33333 20.76923 15.90909 29.62963 27.58621 29.62963 27.58621 84.39716 20.76923 21.95122 15.78947 100.00000 
                                      ds2016-58_84 26.95652 13.92405 17.58242 11.11111 12.22222 20.79208 13.04348 16.30435 29.91453 14.44444 17.77778 33.89831 17.58242 13.92405 11.39241 16.25000 29.46429 14.28571 16.00000 12.64368 17.04545 17.58242 12.34568 19.71831 19.71831 15.49296 15.38462 19.71831 34.64567 100.00000 31.74603 31.74603 19.04762 17.85714 17.14286 17.14286 19.04762 17.14286 19.04762 21.42857 21.05263 17.58242 15.90909 23.52941 27.50000 15.90909 18.75000 17.72152 16.66667 13.04348 16.04938 20.45455 32.43243 28.69565 18.18182 17.94872 35.65217 17.77778 28.82883 33.91304 14.77273 15.18987 16.48352 15.55556 8.97436 15.55556 18.75000 17.50000 16.45570 17.58242 26.31579 27.11864 15.85366 14.63415 13.33333 19.71831 30.35714 18.68132 14.81481 32.14286 32.43243 31.30435 29.72973 17.44186 18.75000 18.42105 17.14286 17.85714 33.33333 19.04762 21.42857 17.14286 17.14286 17.85714 17.39130 20.00000 19.04762 33.33333 16.92308 31.74603 20.54795 100.00000 31.74603 21.62162 50.00000 33.33333 50.00000 33.33333 19.04762 31.74603 17.14286 35.43307 21.42857 100.00000 
                                     lcl|consensus 30.34826 29.71429 31.50685 30.33708 29.01554 30.37383 29.79798 29.29293 30.73171 35.56701 33.67876 30.58252 29.22374 29.77528 32.94798 36.51685 28.50000 31.50685 28.07018 37.15596 36.52968 31.96347 29.60894 32.24044 32.77778 37.01657 33.78995 37.22222 23.26733 24.59016 24.75248 24.75248 33.52273 32.38636 31.78295 31.00775 32.38636 31.78295 33.52273 32.38636 33.90805 30.89005 31.73077 32.68293 34.04255 36.36364 32.95455 33.71429 30.41237 34.75610 28.71287 33.78995 31.40097 29.61165 38.35616 32.94798 31.21951 34.53608 32.36715 28.78049 32.56881 33.33333 31.50685 31.60622 23.83721 32.47423 36.36364 34.09091 29.54545 34.24658 28.35821 27.40385 32.77778 32.96089 32.11009 33.33333 29.50000 30.13699 31.60920 29.12621 29.46860 32.68293 29.61165 34.56221 31.28492 37.09677 31.78295 32.38636 36.36364 29.87013 30.30303 31.78295 31.00775 32.95455 35.35354 32.55814 30.84112 36.36364 28.57143 26.14379 25.84270 36.17021 24.75248 33.60656 35.55556 36.36364 34.02062 36.36364 32.95455 26.31579 31.78295 26.31579 30.08130 27.58621 100.00000 
                                  unknown_pdb|3WRX 32.77311 16.85393 16.34615 15.38462 20.48780 21.97309 18.09524 20.00000 41.56379 20.38835 20.00000 35.71429 16.34615 15.55556 21.46893 19.44444 32.06751 18.66029 14.85714 18.04878 17.96117 16.34615 14.83516 14.75410 16.66667 19.33702 16.26794 17.77778 30.73593 31.33641 29.87013 29.87013 18.03279 18.03279 18.04511 18.79699 18.57923 17.29323 17.48634 17.48634 17.71429 19.50000 17.56098 19.60784 30.05181 18.66029 18.53933 16.66667 19.51220 22.98137 21.07843 20.87379 74.40000 63.30645 19.90291 17.14286 37.75934 20.00000 81.12450 36.92946 18.44660 19.55307 15.86538 21.46341 14.20455 20.38835 16.29213 23.29545 14.52514 17.70335 31.93277 33.61345 22.28261 20.21858 16.34615 17.77778 33.75527 14.35407 20.78652 57.08502 90.00000 39.41909 69.23077 19.41748 20.54054 19.32773 18.04511 16.93989 20.75472 14.11043 16.27907 17.29323 18.04511 15.84699 19.58763 18.04511 16.37931 19.81132 15.00000 32.96089 18.36735 20.79208 29.87013 18.69919 19.58763 20.75472 22.11538 20.75472 16.93989 33.14286 17.29323 35.89744 16.66667 33.94495 29.95169 100.00000
